{"count":1,"gauges":{},"self":24.752416,"total":29.049258199999997,"children":{"AgentResetIfDone":{"count":1315,"self":0.023035999999999997,"total":0.023035999999999997,"children":null},"AgentSendState":{"count":1315,"self":0.094146399999999991,"total":0.1366538,"children":{"CollectObservations":{"count":2632,"self":0.0425074,"total":0.0425074,"children":null}}},"DecideAction":{"count":1315,"self":3.6774644,"total":4.0014164,"children":{"RayPerceptionSensor.Perceive":{"count":2632,"self":0.32395199999999996,"total":0.32395199999999996,"children":null}}},"AcademyStep":{"count":1315,"self":0.010969699999999999,"total":0.010969699999999999,"children":null},"AgentAct":{"count":1315,"self":0.1197664,"total":0.1197664,"children":null}}}